Frame,Runs,Wickets,Team Name
"MASTER CLASS CRICKET
"
"MASTER CLASS CRICKET
"
"MASTER C SS CRICKET
"
"MASTER C SS CRICKET

"
"MASTER CLASS CRICKET

"
"MASTER CLASS CRICKET

"
"MASTER CLASS RICKET

"
"MASTER CLASS RICKET

"
"MASTER C SS CRICKET

"
"MASTER CLASS CRICKET

"
"R CLA RICKET

"
"R CLA RICKET

"
"MASTER CLASS RICKET

"
"MASTER CLASS CRICKET
"
"MASTER CLASS CRICKET
"
"MASTER CLASS CRICKET

"
"MASTER CLASS CRICKET

"
"MASTER CLASS CRICKET

"
"MASTER CLASS CRICKET

"
"TER C SS CRICKET

"
"MASTER CLASS CRICKET

"
"MASTER CLASS CRICKET

"
"TER C SS CRICKET

"
"TER C SS CRICKET

"
"iM TER CLASS CRICKET|

"
"iM TER CLASS CRICKET|

"
"iM TER CLASS CRICKET

"
"iM TER CLASS CRICKET|
"
"MASTER CLASS CRICKET

"
"MASTER CLASS CRICKET

"
"Lud} TER CLASS CRICKET

"
"Lud} TER CLASS CRICKET|

"
"TER C SS CRICKET

"
"MASTER CLASS CRICKET

"
"TER C SS CRICKET

"
"TER C SS CRICKET

"
"TER C SS CRICKET

"
"TER C SS CRICKET

"
"TER C SS CRICKET

"
"M TER CLASS CRICKET

"
""
""
""
"TER C SS CRICKET

"
"MASTER CLASS CRICKET

"
"MASTER CLASS CRICKET

"
"MASTER CLASS CRICKET

"
"MASTER CLASS CRICKET

"
"MASTER CLASS CRICKET

"
"STER CLASS CRICKET

"
"STER CLASS CRICKET

"
"MASTER CLASS CRICKET

"
"MASTER CLASS CRICKET

"
"MASTER CLASS CRICKET

"
"MASTER CLASS CRICKET
"
"MASTER CLASS CRICKET

"
"MASTER CLASS CRICKET

"
"MASTER CLASS CRICKET

"
"MASTER CLASS CRICKET

"
"MASTER CLASS CRICKET

"
"MASTER CLASS CRICKET

"
"MASTER CLASS CRICKET

"
"MASTER CLASS CRICKET

"
"MASTER CLASS CRICKET
"
"MASTER CLASS CRICKET
"
"MASTER CLASS CRICKET

"
"MASTER CLASS CRICKET

"
"MASTER C SS CRICKET
"
"MASTER CLASS CRICKET

"
"MASTER CLASS CRICKET

"
"MASTER CLASS CRICKET

"
"MASTER CLASS CRICKET

"
"MASTER CLASS CRICKET

"
"MASTER CLASS CRICKET
"
"MASTER CLASS CRICKET
"
"MASTER CLASS CRICKET
"
"MASTER CLASS CRICKET
"
"MASTER CLASS CRICKET

"
"' MASTER CLASS CRICKET

-
‘
4
"
"™ MASTER CLASS CRICKET

"
"~ MASTER CLASS CRICKET

"
". MASTER CLASS CRICKET

"
". MASTER CLASS CRICKET

"
"- MASTER CLASS CRICKET

"
". cag MASTER CLASS CRICKET

"
"_ MASTER CLASS CRICKET

"
"MASTER CLASS CRICKET

i
is

"
"-
LJ
v4
O
a

MASTER CLASS

"
"b-
LJ
v4
O
a

MASTER CLASS

"
"MASTER CLASS CRICKET

"
"MASTER CLASS CRICKET
"
"STER CLASS CRICKET
"
"MASTER CLASS CRICKET

"
"—
Lu
¥
O
4

MASTER CLASS

"
"—
Lu
¥
O
4

MASTER CLASS

"
". MASTER CLASS CRICKET

"
". MASTER CLASS CRICKET

"
". STER CLASS CRICKET

"
"—
Lu
4
s
4
O
)
0)
<
|
O
4
Lu
-
a)

"
"—
Lu
4
s
4
O
)
0)
<
|
O
4
Lu
-
a)

"
"—
Lu
4
s
4
O
)
0)
<
|
O
4
Lu
-
a)

"
". STER CLASS CRICKET

"
"- STER CLASS CRICKET

7

"
"e STER CLASS CRICKET

"
"a STER CLASS CRICKET

—
fap me eee
"
"a MASTER CLASS CRICKET

tas

a a
"
"STER CLASS CRICKET

"
"STER CLASS CRICKET

"
"—
Lu
4
s
4
O
)
0)
<
|
O
oO
Lu
-
a)

"
"STER CLASS CRICKET

"
"MASTER CLASS CRICKET

"
"MASTER CLASS CRICKET

"
"em eerrs

MASTER CLASS CRICKET

"
"em eerrs

MASTER CLASS CRICKET

"
""
""
"MASTER CLASS CRICKET

"
"MASTER CLASS CRICKET

"
"STER CLASS CRICKET

"
"STER CLASS CRICKET

"
"STER CLASS CRICKET

"
"STER CLASS CRICKET

"
"STER CLASS CRICKET

"
"MASTER CLASS CRICKET

"
"STER CLASS CRICKET

"
"STER CLASS CRICKET

"
"STER CLASS CRICKET

Maste
"
"MASTER CLASS CRICKET|

"
"MASTER CLASS CRICKET

"
"MASTER CLASS CRICKET|

"
"MASTER CLASS CRICKET|

"
"MASTER CLASS CRICKET|

"
"MASTER CLASS CRICKET|

"
"MASTER CLASS CRICKET|

"
"MASTER CLASS CRICKET|

"
"MASTER CLASS CRICKET|

"
"MASTER CLASS CRICKET|

"
"MASTER CLASS CRICKET|

"
"MASTER CLASS CRICKET|

Master Closs C,
"
"MASTER CLASS CRICKET|

Master Closs Cr
"
"MASTER CLASS CRICKET|

Master Closs Cric*
"
"MASTER CLASS CRICKET|

Master Closs Cricke
"
"MASTER CLASS CRICKET|

Master Class Cricke
"
"MASTER CLASS CRICKET|

Master Closs Cricke
"
"MASTER CLASS CRICKET|

Master Class Cricke
"
"MASTER CLASS CRICKET|

Master Closs Cricket
"
"MASTER CLASS CRICKET|

Master Closs Cricket
"
"MASTER CLASS CRICKET|

Master Closs Cricket
"
"MASTER CLASS CRICKET|

Master Class Cricket
"
"MASTER CLASS CRICKET|

Master Closs Cricket
"
"MASTER CLASS CRICKET|

Master Closs Cricket
"
"MASTER CLASS CRICKET|

Master Closs Cricket
"
"MASTER CLASS CRICKET|

Master Closs Cricket
"
"MASTER CLASS CRICKET|

Master Closs Cricket
"
"MASTER CLASS CRICKET|

Master Closs Cricket
"
"MASTER CLASS CRICKET|

Master Closs Cricket
"
"MASTER CLASS CRICKET|

Master Class Cricket
"
"MASTER CLASS CRICKET|

Master Class Cricket
"
"MASTER CLASS CRICKET|

Master Closs Cricket
"
"MASTER CLASS CRICKET|

Master Closs Cricket
"
"PAK V IND 2004 -1st ODI | si

PAK (336-6 NEED 14 TO WIN FROM 11 BALLS
"
"PAK V IND 2004 -1st ODI | si

PAK (336-6 NEED 14 TO WIN FROM 11 BALLS
"
"PAK V IND 2004 -1st ODI | si

PAK (336-6 NEED 14 TO WIN FROM 11 BALLS
"
"PAK V IND 2004 -1st ODI | si

et ar

PAK (336-6 NEED 14 TO WIN FROM 11 BALLS
"
"PAK V IND 2004 -1st ODI | si

pe

PAK (336-6 NEED 14 TO WIN FROM 11 BALLS
"
"PAK V IND 2004 -1st ODI | si

el. ar

PAK (336-6 NEED 14 TO WIN FROM 11 BALLS
"
"PAK V IND 2004 -1st ODI | si

__ ARD ma
PAK (336-6 NEED 14 TO WIN FROM 11 BALLS
"
"PAK V IND 2004 -1st ODI | si

__ ARD ma
PAK (336-6 NEED 14 TO WIN FROM 11 BALLS
"
"_- ARB

PAK V IND 2004 -1st ODI | si

PAK (336-6 NEED 14 TO WIN FROM 11 BALLS
"
"_- Ao

PAK V IND 2004 -1st ODI | si

PAK (336-6 NEED 14 TO WIN FROM 11 BALLS
"
"PAK V IND 2004 -1st ODI | Si

=
PAK (336- -6 NEED 14 TO WIN FROM 11 BALLS
"
"PAK V IND 2004 -1st ODI | Si

-

PAK (336-6 NEED 14 TO WIN FROM 11 BALLS
"
"PAK V IND 2004 -1st ODI | Si

PAK (336-6 NEED 14 TO WIN FROM 11 BALLS
"
"PAK V IND 2004 -1st ODI | Si

PAK (336-6 NEED 14 TO WIN FROM 11 BALLS
"
"PAK V IND 2004 -1st ODI | Si

PAK (336-6 NEED 14 TO WIN FROM 11 BALLS
"
"PAK V IND 2004 -1st ODI | Si

ii,
PAK (336-6 NEED 14 TO WIN FROM 11 BALLS
"
"PAK V IND 2004 -1st ODI | Si

_ i. ARB ;
PAK (336-6 NEED 14 TO WIN FROM 11 BALLS
"
"PAK V IND 2004 -1st ODI | Si

_ ll, ARB
PAK (336-6 NEED 14 TO WIN FROM 11 BALLS
"
"PAK V IND 2004 -1st ODI | Si

_ «ill,
PAK (336-6 NEED 14 TO WIN FROM 11 BALLS
"
"PAK V IND 2004 -1st ODI | Si

_ ll,
PAK (336-6 NEED 14 TO WIN FROM 11 BALLS
"
"PAK V IND 2004 -1st ODI | Si

PAK (336-6 NEED 14 TO WIN FROM 11 BALLS
"
"PAK V IND 2004 -1st ODI | Si

il

PAK (336-6 NEED 14 TO WIN FROM 11 BALLS
"
"PAK V IND 2004 -1st ODI | Si

=
PAK (336-6 NEED 14 TO WIN FROM 11 BALLS
"
"PAK V IND 2004 -1st ODI | Si

_ i,
PAK (336-6 NEED 14 TO WIN FROM 11 BALLS
"
"PAK V IND 2004 -1st ODI | Si

_ ill ARE :
PAK (336-6 NEED 14 TO WIN FROM 11 BALLS
"
"PAK V IND 2004 -1st ODI | Si

_ ARE :
PAK (336-6 NEED 14 TO WIN FROM 11 BALLS
"
"PAK V IND 2004 -1st ODI | Si

lt i .
PAK (336-6 NEED 14 TO WIN FROM 11 BALLS
"
"PAK V IND 2004 -1st ODI | Si

_ il. tii:
PAK (336-6 NEED 14 TO WIN FROM 11 BALLS
"
"PAK V IND 2004 -1st ODI | Si

 Y
PAK (336-6 NEED 14 TO WIN FROM 11 BALLS
"
"PAK V IND 2004 -1st ODI | Si

i, RB
PAK (336-6 NEED 14 TO WIN FROM 11 BALLS
"
"PAK V IND 2004 -1st ODI | Si

_ lt. AR! . at
PAK (336-6 NEED 14 TO WIN FROM 11 BALLS
"
"PAK V IND 2004 -1st ODI | Si

eh AR! . ea
PAK (336-6 NEED 14 TO WIN FROM 11 BALLS
"
"PAK V IND 2004 -1st ODI | Si

eh AH . | emi
PAK (336-6 NEED 14 TO WIN FROM 11 BALLS
"
"PAK V IND 2004 -1st ODI | Si

_Y (| eda
PAK (336-6 NEED 14 TO WIN FROM 11 BALLS
"
"PAK V IND 2004 -1st ODI | Si

if. ii
PAK (336-6 NEED 14 TO WIN FROM 11 BALLS
"
"PAK V IND 2004 -1st ODI | Si

a. (4 _
PAK (336-6 NEED 14 TO WIN FROM 11 BALLS
"
"PAK V IND 2004 -1st ODI | Si

-. i =—
PAK (336-6 NEED 14 TO WIN FROM 11 BALLS
"
"PAK V IND 2004 -1st ODI | Si

-. (ce
PAK (336-6 NEED 14 TO WIN FROM 11 BALLS
"
"PAK V IND 2004 -1st ODI | Si

if. (cm
PAK (336-6 NEED 14 TO WIN FROM 11 BALLS
"
"a (( cco

PAK V IND 2004 -1st ODI | Si

PAK (336-6 NEED 14 TO WIN FROM 11 BALLS
"
"- (aA

PAK V IND 2004 -1st ODI | Si

PAK (336-6 NEED 14 TO WIN FROM 11 BALLS
"
"PAK V IND 2004 -1st ODI | Si

- (| eae
PAK (336-6 NEED 14 TO WIN FROM 11 BALLS
"
"PAK V IND 2004 -1st ODI | Si

-
PAK (336-6 NEED 14 TO WIN FROM 11 BALLS
"
"PAK V IND 2004 -1st ODI | Si

PAK (336-6 NEED 14 TO WIN FROM 11 BALLS
"
"PAK V IND 2004 -1st ODI | Si

PAK (336-6 NEED 14 TO WIN FROM 11 BALLS
"
"PAK V IND 2004 -1st ODI | Si

a: ABA
PAK (336-6 NEED 14 TO WIN FROM 11 BALLS
"
"PAK V IND 2004 -1st ODI | Si

i.
PAK (336-6 NEED 14 TO WIN FROM 11 BALLS
"
"PAK V IND 2004 -1st ODI | Si

a (is
PAK (336-6 NEED 14 TO WIN FROM 11 BALLS
"
"PAK V IND 2004 -1st ODI | Si

_ im
PAK (336-6 NEED 14 TO WIN FROM 11 BALLS
"
"PAK V IND 2004 -1st ODI | Si

PAK (336-6 NEED 14 TO WIN FROM 11 BALLS
"
"PAK V IND 2004 -1st ODI | Si

PAK (336-6 NEED 14 TO WIN FROM 11 BALLS
"
"PAK V IND 2004 -1st ODI | Si

= ii
PAK (336-6 NEED 14 TO WIN FROM 11 BALLS
"
"PAK V IND 2004 -1st ODI | Si

i
PAK (336-6 NEED 14 TO WIN FROM 11 BALLS
"
"PAK V IND 2004 -1st ODI | Si

| (. (cc
PAK (336-6 NEED 14 TO WIN FROM 11 BALLS
"
"PAK V IND 2004 -1st ODI | Si

PAK (336-6 NEED 14 TO WIN FROM 11 BALLS
"
"PAK V IND 2004 -1st ODI | Si

a.
PAK (336-6 NEED 14 TO WIN FROM 11 BALLS
"
"PAK V IND 2004 -1st ODI | Si

a.
PAK (336-6 NEED 14 TO WIN FROM 11 BALLS
"
"PAK V IND 2004 -1st ODI | Si

-
PAK (336-6 NEED 14 TO WIN FROM 11 BALLS
"
"PAK V IND 2004 -1st ODI | Si

- 86 gett
PAK (336-6 NEED 14 TO WIN FROM 11 BALLS
"
"PAK V IND 2004 -1st ODI | Si

[it ieee

""PAK (336- -6 NEED 14 TO WIN FROM 11 BALLS
"
"PAK V IND 2004 -1st ODI | Si

PAK (336-6 NEED 14 TO WIN FROM 11 BALLS
"
"PAK V IND 2004 -1st ODI | Si

PAK (336-6 NEED 14 TO WIN FROM 11 BALLS
"
"PAK V IND 2004 -1st ODI | Si

PAK (336-6 NEED 14 TO WIN FROM 11 BALLS
"
"PAK V IND 2004 -1st ODI | Si

PAK (336-6 NEED 14 TO WIN FROM 11 BALLS
"
"PAK V IND 2004 -1st ODI | Si

_ (5 cami
PAK (336-6 NEED 14 TO WIN FROM 11 BALLS
"
"PAK V IND 2004 -1st ODI | Si

=
PAK (336-6 NEED 14 TO WIN FROM 11 BALLS
"
"PAK V IND 2004 -1st ODI | Si

_~ -» Vik oe
PAK (336-6 NEED 14 TO WIN FROM 11 BALLS
"
"PAK V IND 2004 -1st ODI | Si

_s 1) Se
PAK (336-6 NEED 14 TO WIN FROM 11 BALLS
"
"PAK V IND 2004 -1st ODI | Si

= ( ) coud
PAK (336-6 NEED 14 TO WIN FROM 11 BALLS
"
"PAK V IND 2004 -1st ODI | Si

~ i =
PAK (336-6 NEED 14 TO WIN FROM 11 BALLS
"
"PAK V IND 2004 -1st ODI | Si

PAK (336-6 NEED 14 TO WIN FROM 11 BALLS
"
"PAK V IND 2004 -1st ODI | Si

PAK (336-6 NEED 14 TO WIN FROM 11 BALLS
"
"PAK V IND 2004 -1st ODI | Si

""

=~ i -
PAK (336-6 NEED 14 TO WIN FROM 11 BALLS
"
"PAK V IND 2004 -1st ODI | Si

oy
PAK (336-6 NEED 14 TO WIN FROM 11 BALLS
"
"PAK V IND 2004 -1st ODI | Si

PAK (336-6 NEED 14 TO WIN FROM 11 BALLS
"
"PAK V IND 2004 -1st ODI | Si

PAK (336-6 NEED 14 TO WIN FROM 11 BALLS
"
"PAK V IND 2004 -1st ODI | Si

PAK (336-6 NEED 14 TO WIN FROM 11 BALLS
"
"PAK V IND 2004 -1st ODI | Si

_

-_ 7
PAK (336-6 NEED 14 TO WIN FROM 11 BALLS
"
"PAK V IND 2004 -1st ODI | Si

PAK (336-6 NEED 14 TO WIN FROM 11 BALLS
"
"PAK V IND 2004 -1st ODI | Si

-_— —

- i
PAK (336-6 NEED 14 TO WIN FROM 11 BALLS
"
"PAK V IND 2004 -1st ODI | Si

-_— —

- i
PAK (336-6 NEED 14 TO WIN FROM 11 BALLS
"
"PAK V IND 2004 -1st ODI | Si

- () =i
PAK (336-6 NEED 14 TO WIN FROM 11 BALLS
"
"PAK V IND 2004 -1st ODI | Si

- () =<‘.
PAK (336-6 NEED 14 TO WIN FROM 11 BALLS
"
"PAK V IND 2004 -1st ODI | Si

- () =i
PAK (336-6 NEED 14 TO WIN FROM 11 BALLS
"
"PAK V IND 2004 -1st ODI | Si

~ ti
PAK (336-6 NEED 14 TO WIN FROM 11 BALLS
"
"PAK V IND 2004 -1st ODI | Si

- () =<
PAK (336-6 NEED 14 TO WIN FROM 11 BALLS
"
"PAK V IND 2004 -1st ODI | Si

ae =

- ti
PAK (336-6 NEED 14 TO WIN FROM 11 BALLS
"
"PAK V IND 2004 -1st ODI | Si

= (1) ie
PAK (336-6 NEED 14 TO WIN FROM 11 BALLS
"
"PAK V IND 2004 -1st ODI | Si

PAK (336- -6 NEED 14 TO WIN FROM 11 BALLS
"
"PAK V IND 2004 -1st ODI | Si

PAK (336- -6 NEED 14 TO WIN FROM 11 BALLS
"
"PAK V IND 2004 -1st ODI | Si

PAK (336-6 NEED 14 TO WIN FROM 11 BALLS
"
"PAK V IND 2004 -1st ODI | Si

Y { ( dliimas
PAK (336-6 NEED 14 TO WIN FROM 11 BALLS
"
"PAK V IND 2004 -1st ODI | Si

Ty {lame
PAK (336-6 NEED 14 TO WIN FROM 11 BALLS
"
"PAK V IND 2004 -1st ODI | Si

PAK (336-6 NEED 14 TO WIN FROM 11 BALLS
"
"PAK V IND 2004 -1st ODI | Si

PAK (336-6 NEED 14 TO WIN FROM 11 BALLS
"
"PAK V IND 2004 -1st ODI | Si

PAK (336-6 NEED 14 TO WIN FROM 11 BALLS
"
"PAK V IND 2004 -1st ODI | Si

-. (| is
PAK (336-6 NEED 14 TO WIN FROM 11 BALLS
"
"PAK V IND 2004 -1st ODI | Si

_ {| cli
PAK (336-6 NEED 14 TO WIN FROM 11 BALLS
"
"PAK V IND 2004 -1st ODI | Si

_ (| cli
PAK (336-6 NEED 14 TO WIN FROM 11 BALLS
"
"PAK V IND 2004 -1st ODI | Si

~~ 4 cities
PAK (336-6 NEED 14 TO WIN FROM 11 BALLS
"
"PAK V IND 2004 -1st ODI | Si

- oe cetite
PAK (336-6 NEED 14 TO WIN FROM 11 BALLS
"
"PAK V IND 2004 -1st ODI | Si

PAK (336- -6 NEED 14 TO WIN FROM 11 BALLS
"
"PAK V IND 2004 -1st ODI | Si

bg ert

PAK (336- -6 NEED 14 TO WIN FROM 11 BALLS
"
"PAK V IND 2004 -1st ODI | Si

ry Ce aie
PAK (336-6 NEED 14 TO WIN FROM 11 BALLS
"
"PAK V IND 2004 -1st ODI | Si

- Ce tic
PAK (336- -6 NEED 14 TO WIN FROM 11 BALLS
"
"PAK V IND 2004 -1st ODI | Si

- te lias
PAK (336- -6 NEED 14 TO WIN FROM 11 BALLS
"
"PAK V IND 2004 -1st ODI | Si

- Ce tic
PAK (336- -6 NEED 14 TO WIN FROM 11 BALLS
"
"PAK V IND 2004 -1st ODI | Si

——

= 7 _—
PAK (336-6 NEED 14 TO WIN FROM 11 BALLS
"
"PAK V IND 2004 -1st ODI | Si

PAK (336-6 NEED 14 TO WIN FROM 11 BALLS
"
"PAK V IND 2004 -1st ODI | Si

yr

PAK (336-6 NEED 14 TO WIN FROM 11 BALLS
"
"PAK V IND 2004 -1st ODI | Si

yr

PAK (336-6 NEED 14 TO WIN FROM 11 BALLS
"
"PAK V IND 2004 -1st ODI | Si

PAK (336-6 NEED 14 TO WIN FROM 11 BALLS
"
"PAK V IND 2004 -1st ODI | Si

- ti cmme
PAK (336-6 NEED 14 TO WIN FROM 11 BALLS
"
"PAK V IND 2004 -1st ODI | Si

PAK (336-6 NEED 14 TO WIN FROM 11 BALLS
"
"PAK V IND 2004 -1st ODI | Si

li —_

PAK (336-6 NEED 14 TO WIN FROM 11 BALLS
"
"PAK V IND 2004 -1st ODI | Si

PAK (336-6 NEED 14 TO WIN FROM 11 BALLS
"
"PAK V IND 2004 -1st ODI | Si

PAK (336-6 NEED 14 TO WIN FROM 11 BALLS
"
"PAK V IND 2004 -1st ODI | Si

PAK (336-6 NEED 14 TO WIN FROM 11 BALLS
"
"PAK V IND 2004 -1st ODI | Si

lime (SST

-~ ti
PAK (336-6 NEED 14 TO WIN FROM 11 BALLS
"
"PAK V IND 2004 -1st ODI | Si

- 1, ell —
PAK (336-6 NEED 14 TO WIN FROM 11 BALLS
"
"PAK V IND 2004 -1st ODI | Si

le =

- i]
PAK (336-6 NEED 14 TO WIN FROM 11 BALLS
"
"PAK V IND 2004 -1st ODI | Si

A

- i
PAK (336-6 NEED 14 TO WIN FROM 11 BALLS
"
"PAK V IND 2004 -1st ODI | Si

A

- i
PAK (336-6 NEED 14 TO WIN FROM 11 BALLS
"
"PAK V IND 2004 -1st ODI | Si

——

-6 NEED 14 TO WIN FROM 11 BALLS

-_ ia
PAK (336
"
"PAK V IND 2004 -1st ODI | Si

ne st

= iy
PAK (336-6 NEED 14 TO WIN FROM 11 BALLS
"
"PAK V IND 2004 -1st ODI [si

_\ i=
PAK (336-6 NEED 14 TO WIN FROM 11 BALLS
"
"PAK V IND 2004 -1st ODI [si

_ a =
PAK (336-6 NEED 14 TO WIN FROM 11 BALLS
"
"PAK V IND 2004 -1st ODI [si

al

PAK (336-6 NEED 14 TO WIN FROM 11 BALLS
"
"PAK V IND 2004 -1st ODI [si

al

PAK (336-6 NEED 14 TO WIN FROM 11 BALLS
"
"PAK V IND 2004 -1st ODI [si

PAK (336-6 NEED 14 TO WIN FROM 11 BALLS
"
"PAK V IND 2004 -1st ODI [si

ah

PAK (336-6 NEED 14 TO WIN FROM 11 BALLS
"
"PAK V IND 2004 -1st ODI [si

= \ AR
PAK (336-6 NEED 14 TO WIN FROM 11 BALLS
"
"PAK V IND 2004 -1st ODI | si

ill AR
PAK (336-6 NEED 14 TO WIN FROM 11 BALLS
"
"PAK V IND 2004 -1st ODI | si

sill

PAK (336-6 NEED 14 TO WIN FROM 11 BALLS
"
"PAK V IND 2004 -1st ODI | si

sill

PAK (336-6 NEED 14 TO WIN FROM 11 BALLS
"
"PAK V IND 2004 -1st ODI | si

PAK (336-6 NEED 14 TO WIN FROM 11 BALLS
"
"PAK V IND 2004 -1st ODI | si

PAK (336-6 NEED 14 TO WIN FROM 11 BALLS
"
"PAK V IND 2004 -1st ODI | si

- i fi

PAK (336-6 NEED 14 TO WIN FROM 11 BALLS
"
"PAK V IND 2004 -1st ODI | si

PAK (336-6 NEED 14 TO WIN FROM 11 BALLS
"
"PAK V IND 2004 -1st ODI | si

PAK (336-6 NEED 14 TO WIN FROM 11 BALLS
"
"PAK V IND 2004 -1st ODI | si

PAK (336-6 NEED 14 TO WIN FROM 11 BALLS
"
"PAK V IND 2004 -1st ODI | si

PAK (336-6 NEED 14 TO WIN FROM 11 BALLS
"
"PAK V IND 2004 -1st ODI | si

PAK (336-6 NEED 14 TO WIN FROM 11 BALLS
"
"PAK V IND 2004 -1st ODI | si

PAK (336-6 NEED 14 TO WIN FROM 11 BALLS
"
"PAK V IND 2004 -1st ODI | si

PAK (336-6 NEED 14 TO WIN FROM 11 BALLS
"
"PAK V IND 2004 -1st ODI | si

PAK (336-6 NEED 14 TO WIN FROM 11 BALLS
"
"PAK V IND 2004 -1st ODI | si

PAK (336-6 NEED 14 TO WIN FROM 11 BALLS
"
"PAK V IND 2004 -1st ODI | si

PAK (336-6 NEED 14 TO WIN FROM 11 BALLS
"
"PAK V IND 2004 -1st ODI | si

PAK (336-6 NEED 14 TO WIN FROM 11 BALLS
"
"PAK V IND 2004 -1st ODI | si

PAK (336-6 NEED 14 TO WIN FROM 11 BALLS
"
"PAK V IND 2004 -1st ODI | si

PAK (336-6 NEED 14 TO WIN FROM 11 BALLS
"
"PAK V IND 2004 -1st ODI | si

a , -

PAK (336-6 NEED 14 TO WIN FROM 11 BALLS
"
"PAK V IND 2004 -1st ODI | si

PAK (336-6 NEED 14 TO WIN FROM 11 BALLS
"
"PAK V IND 2004 -1st ODI | si

in | i

PAK (336-6 NEED 14 TO WIN FROM 11 BALLS
"
"PAK V IND 2004 -1st ODI | si

PAK (336-6 NEED 14 TO WIN FROM 11 BALLS
"
"PAK V IND 2004 -1st ODI | si

PAK (336-6 NEED 14 TO WIN FROM 11 BALLS
"
"PAK V IND 2004 -1st ODI | si

= . -

PAK (336-6 NEED 14 TO WIN FROM 11 BALLS
"
"PAK V IND 2004 -1st ODI | si

PAK (336-6 NEED 14 TO WIN FROM 11 BALLS
"
"PAK V IND 2004 -1st ODI | si

PAK (336-6 NEED 14 TO WIN FROM 11 BALLS
"
"PAK V IND 2004 -1st ODI | si

- Vv , iy

PAK (336-6 NEED 14 TO WIN FROM 11 BALLS
"
"PAK V IND 2004 -1st ODI | si

-

PAK (336-6 NEED 14 TO WIN FROM 11 BALLS
"
"PAK V IND 2004 -1st ODI | si

= \

PAK (336-6 NEED 14 TO WIN FROM 11 BALLS
"
"PAK V IND 2004 -1st ODI | si

il

PAK (336-6 NEED 14 TO WIN FROM 11 BALLS
"
"PAK V IND 2004 -1st ODI | si

= \

PAK (336-6 NEED 14 TO WIN FROM 11 BALLS
"
"PAK V IND 2004 -1st ODI | si

_ \

PAK (336-6 NEED 14 TO WIN FROM 11 BALLS
"
"PAK V IND 2004 -1st ODI | si

ily

PAK (336-6 NEED 14 TO WIN FROM 11 BALLS
"
"PAK V IND 2004 -1st ODI | si

_-4 AR.
PAK (336-6 NEED 14 TO WIN FROM 11 BALLS
"
"PAK V IND 2004 -1st ODI | si

_ AR ——-
PAK (336-6 NEED 14 TO WIN FROM 11 BALLS
"
"PAK V IND 2004 -1st ODI | si

=
PAK (936-6 NEED 14 TO WIN FROM 11 BALLS
"
"PAK V IND 2004 -1st ODI | si

= \

PAK (336-6 NEED 14 TO WIN FROM 11 BALLS
"
"PAK V IND 2004 -1st ODI | si

= \

PAK (336-6 NEED 14 TO WIN FROM 11 BALLS
"
"PAK V IND 2004 -1st ODI | si

= \

PAK (336-6 NEED 14 TO WIN FROM 11 BALLS
"
"PAK V IND 2004 -1st ODI | si

PAK (336-6 NEED 14 TO WIN FROM 11 BALLS
"
"PAK V IND 2004 -1st ODI | si

_ | A
PAK (336-6 NEED 14 TO WIN FROM 11 BALLS
"
"PAK V IND 2004 -1st ODI | si

lh AR}
PAK (336-6 NEED 14 TO WIN FROM 11 BALLS
"
"PAK V IND 2004 -1st ODI | si

ill

PAK (336-6 NEED 14 TO WIN FROM 11 BALLS
"
"PAK V IND 2004 -1st ODI | si

=

PAK (336-6 NEED 14 TO WIN FROM 11 BALLS
"
"PAK V IND 2004 -1st ODI | si

=

PAK (336-6 NEED 14 TO WIN FROM 11 BALLS
"
"PAK V IND 2004 -1st ODI | si

lla

PAK (336-6 NEED 14 TO WIN FROM 11 BALLS
"
"PAK V IND 2004 -1st ODI | si

= ARI
PAK (336-6 NEED 14 TO WIN FROM 11 BALLS
"
"PAK V IND 2004 -1st ODI | si

il, ARA ~~
PAK (336-6 NEED 14 TO WIN FROM 11 BALLS
"
"PAK V IND 2004 -1st ODI | si

_ ll ARA
PAK (336-6 NEED 14 TO WIN FROM 11 BALLS
"
"PAK V IND 2004 -1st ODI | si

ll ARA
PAK (336-6 NEED 14 TO WIN FROM 11 BALLS
"
"PAK V IND 2004 -1st ODI | si

=
PAK (336-6 NEED 14 TO WIN FROM 11 BALLS
"
"PAK V IND 2004 -1st ODI | si

= \ |
PAK (936-6 NEED 14 TO WIN FROM 11 BALLS
"
"PAK V IND 2004 -1st ODI | si

ily

PAK (336-6 NEED 14 TO WIN FROM 11 BALLS
"
"PAK V IND 2004 -1st ODI | si

= |

PAK (336-6 NEED 14 TO WIN FROM 11 BALLS
"
"PAK V IND 2004 -1st ODI | si

PAK (336-6 NEED 14 TO WIN FROM 11 BALLS
"
"PAK V IND 2004 -1st ODI | si

PAK (336-6 NEED 14 TO WIN FROM 11 BALLS
"
"PAK V IND 2004 -1st ODI | si

= ARA
PAK (336-6 NEED 14 TO WIN FROM 11 BALLS
"
"PAK V IND 2004 -1st ODI | si

_~h ARA iia
PAK (336-6 NEED 14 TO WIN FROM 11 BALLS
"
"PAK V IND 2004 -1st ODI | si

 '
PAK (336-6 NEED 14 TO WIN FROM 11 BALLS
"
"PAK V IND 2004 -1st ODI | si

_ily
PAK (336-6 NEED 14 TO WIN FROM 11 BALLS
"
"PAK V IND 2004 -1st ODI | si

=
PAK (336-6 NEED 14 TO WIN FROM 11 BALLS
"
"PAK V IND 2004 -1st ODI | si

= |
PAK (336-6 NEED 14 TO WIN FROM 11 BALLS
"
"PAK V IND 2004 -1st ODI | si

_ i, ARA aa”
PAK (336-6 NEED 14 TO WIN FROM 11 BALLS
"
"PAK V IND 2004 -1st ODI | si

_ lll ARA
PAK (336-6 NEED 14 TO WIN FROM 11 BALLS
"
"PAK V IND 2004 -1st ODI | si

_ lls tf
PAK (336-6 NEED 14 TO WIN FROM 11 BALLS
"
"PAK V IND 2004 -1st ODI | si

_ i. tf
PAK (336-6 NEED 14 TO WIN FROM 11 BALLS
"
"PAK V IND 2004 -1st ODI | si

_ le ARI
PAK (336-6 NEED 14 TO WIN FROM 11 BALLS
"
"PAK V IND 2004 -1st ODI | si

_ le AR}
PAK (336-6 NEED 14 TO WIN FROM 11 BALLS
"
"PAK V IND 2004 -1st ODI | si

_ AR
PAK (336-6 NEED 14 TO WIN FROM 11 BALLS
"
"ve \
PAK (336-6 NEED 14 TO WIN FROM 11 BALLS
"
"PAK (336-6 NEED 14 TO WIN FROM 11 BALLS
"
"PAK (336-6 NEED 14 TO WIN FROM 11 BALLS
"
"PAK (336-6 NEED 14 TO WIN FROM 11 BALLS
"
"PAK (336-6 NEED 14 TO WIN FROM 11 BALLS
"
"PAK (336-6 NEED 14 TO WIN FROM 11 BALLS
"
"PAK (336-6 NEED 14 TO WIN FROM 11 BALLS
"
"e co)

PAK (336-6 NEED 14 TO WIN FROM 11 BALLS
"
"° ce)

PAK (336-6 NEED 14 TO WIN FROM 11 BALLS
"
"Ce) \

PAK (336-6 NEED 14 TO WIN FROM 11 BALLS
"
"Ce) \

PAK (336-6 NEED 14 TO WIN FROM 11 BALLS
"
"PAK (336-6 NEED 14 TO WIN FROM 11 BALLS
"
"Ce) \

a AMA
PAK (336-6 NEED 14 TO WIN FROM 11 BALLS
"
"A bd
PAK (336-6 NEED 14 TO WIN FROM 11 BALLS
"
"ae
PAK (336-6 NEED 14 TO WIN FROM 11 BALLS
"
"ro)
wi

PAK (336-6 NEED 14 TO WIN FROM 11 BALLS

"
"ra)
wie

PAK (336-6 NEED 14 TO WIN FROM 11 BALLS

"
"PAK (336-6 NEED 14 TO WIN FROM 11 BALLS
"
"PAK (336-6 NEED 14 TO WIN FROM 11 BALLS
"
"\
PAK (336-6 NEED 14 TO WIN FROM 11 BALLS
"
"\

PAK (336-6 NEED 14 TO WIN FROM 11 BALLS
"
"PAK (336-6 NEED 14 TO WIN FROM 11 BALLS
"
"PAK (336-6 NEED 14 TO WIN FROM 11 BALLS
"
"» ‘

ijnnal PAK (336-6 NEED 14 TO WIN FROM 11 BALLS
"
"PAK (336-6 NEED 14 TO WIN FROM 11 BALLS
"
"PAK (336-6 NEED 14 TO WIN FROM 11 BALLS
"
"PAK (336-6 NEED 14 TO WIN FROM 11 BALLS
"
"PAK (336-6 NEED 14 TO WIN FROM 11 BALLS
"
"PAK (336-6 NEED 14 TO WIN FROM 11 BALLS
"
"» — \
PAK (336-6 NEED 14 TO WIN FROM 11 BALLS
"
"‘ — \
PAK (336-6 NEED 14 TO WIN FROM 11 BALLS
"
"t .

final PAK (336-6 NEED 14 TO WIN FROM 11 BALLS
"
"nal PAK (336-6 NEED 14 To WIN FROM 11 BALLS
"
"Final PAK (336-6 NEED 14 TO WIN FROM 11 BALLS
"
"Final PAK (336-6 NEED 14 TO WIN FROM 11 BALLS
"
"PAK (336-6 NEED 14 TO WIN FROM 11 BALLS
"
"PAK (336-6 NEED 14 TO WIN FROM 11 BALLS
"
"PAK (336-6 NEED 14 TO WIN FROM 11 BALLS
"
"| PAK (336-6 NEED 14 TO WIN FROM 11 BALLS
"
""" is
fina PAK (336-6 NEED 14 TO WIN FROM 11 BALLS
"
"iS
fina PAK (336-6 NEED 14 TO WIN FROM 11 BALLS
"
"Finaf PAK (336-6 NEED 14 TO WIN FROM 11 BALLS /
"
"PAK (336-6 NEED 14 TO WIN FROM 11 BALLS
"
"PAK (336-6 NEED 14 TO WIN FROM 11 BALLS
"
"\
PAK (336-6 NEED 14 TO WIN FROM 11 BALLS
"
"ils 1
PAK (336-6 NEED 14 TO WIN FROM 11 BALLS
"
"ils 1
PAK (336-6 NEED 14 TO WIN FROM 11 BALLS
"
"PAK (336-6 NEED 14 TO WIN FROM 11 BALLS
"
"PAK (336-6 NEED 14 TO WIN FROM 11 BALLS
"
"PAK (336-6 NEED 14 TO WIN FROM 11 BALLS
"
"4

PAK V IND 200

PAK (336-6 NEED 14 TO WIN FROM 11 BALLS
"
"PAK (336-6 NEED 14 TO WIN FROM 11 BALLS
"
"PAK (336-6 NEED 14 TO WIN FROM 11 BALLS
"
"PAK (336-6 NEED 14 TO WIN FROM 11 BALLS
"
"PAK (336-6 NEED 14 TO WIN FROM 11 BALLS
"
"PAK (336-6 NEED 14 TO WIN FROM 11 BALLS
"
"PAK (336-6 NEED 14 TO WIN FROM 11 BALLS
"
"PAK (336-6 NEED 14 TO WIN FROM 11 BALLS
"
"PAK (336-6 NEED 14 TO WIN FROM 11 BALLS
"
"MASTER CLASS CRICKET,

PAK V IND 20042
a —

"
"PAK (336-6 NEED 14 TO WIN FROM 11 BALLS
"
". eas, ae)

PAK (336-6 NEED 14 TO WIN FROM 11 BALLS
"
"ASS CR
PAK V IND 2004 945)

"
"PAK (336-6 NEED 14 TO WIN FROM 11 BALLS
"
"PAK (336-6 NEED 14 TO WIN FROM 11 BALLS
"
"PAK (336-6 NEED 14 TO WIN FROM 11 BALLS
"
"a

PAK (336-6 NEED 14 TO WIN FROM 11 BALLS
"
"PAK (336- -6 NEED 14 TO WIN FROM 11 BALLS
"
"PAK (336-6 NEED 14 TO WIN FROM 11 BALLS
"
"oP)
PAK (336-6 NEED 14 TO WIN FROM 11 BALLS
"
"oP)
PAK (336-6 NEED 14 TO WIN FROM 11 BALLS
"
"PAK (336-6 NEED 14 TO WIN FROM 11 BALLS
"
"/ IND 2004 -1st

ee

PAK (336-6 NEED 14 TO WIN FROM 11 BALLS
"
"PAK (336-6 NEED 14 TO WIN FROM 11 BALLS
"
"PAK (336-6 NEED 14 TO WIN FROM 11 BALLS
"
"rou PAK (336-6 NEED 14 TO WIN FROM 11 BALLS
"
"rou PAK (336-6 NEED 14 TO WIN FROM 11 BALLS
"
"s

rou PAK (336-6 NEED 14 TO WIN FROM 11 BALLS
"
"»_ é
PAK (336-6 NEED 14 TO WIN FROM 11 BALLS
"
"PAK (336-6 NEED 14 TO WIN FROM 11 BALLS
"
""
"ert PAK (936-6 NEED 14 TO WIN FROM 11 BALLS
"
"Ey PAK (936-6 NEED 14 TO WIN FROM 11 BALLS
"
"ay PAK (336-6 NEED 14 TO WIN FROM 11 BALLS
"
"pram PAK (336-6 NEED 14 TO WIN FROM 11 BALLS
"
"=
—
pram

PAK (336-6 NEED 14 TO WIN FROM 11 BALLS
"
"——
po PAK (336-6 NEED 14 TO WIN FROM 11 BALLS
"
""
""
""
""
"%

ant PAK (336-6 NEED 14 TO WIN FROM 11 BALLS
"
"MASTER CLASS CRICKET,

mot PAK (336-6 NEED 14 TO WIN FROM 11 BALLS
"
"PAK (336-6 NEED 14 TO WIN FROM 11 BALLS
"
"PAK (336-6 NEED 14 TO WIN FROM 11 BALLS
"
"™

PAK (336-6 NEED 14 TO WIN FROM 11 BALLS
"
"™.

PAK (336-6 NEED 14 TO WIN FROM 11 BALLS
"
"MASTER CLASS

K V IND 2004 -ist OD

PAK (336-6 NEED 14 TO WIN FROM 11 BALLS
"
"PAK (336-6 NEED 14 TO WIN FROM 11 BALLS
"
"PAK (336-6 NEED 14 TO WIN FROM 11 BALLS
"
"PAK (336-6 NEED 14 TO WIN FROM 11 BALLS
"
"""MASTER Sorrrest CRICKET,

PAK (336-6 NEED 14 TO WIN FROM 11 BALLS
"
"PAK (336-6 NEED 14 TO WIN FROM 11 BALLS
"
"PAK (336-6 NEED 14 TO WIN FROM 11 BALLS
"
"PAK (336-6 NEED 14 TO WIN FROM 11 BALLS
"
"PAK (336-6 NEED 14 TO WIN FROM 11 BALLS
"
"PAK (336-6 NEED 14 TO WIN FROM 11 BALLS
"
"PAK (336-6 NEED 14 TO WIN FROM 11 BALLS
"
"PAK (336-6 NEED 14 TO WIN FROM 11 BALLS
"
"PAK (336-6 NEED 14 TO WIN FROM 11 BALLS
"
"PAK (336-6 NEED 14 TO WIN FROM 11 BALLS
"
"PAK (336-6 NEED 14 TO WIN FROM 11 BALLS
"
"PAK (336-6 NEED 14 TO WIN FROM 11 BALLS
"
"PAK (336-6 NEED 14 TO WIN FROM 11 BALLS
"
"PAK (336-6 NEED 14 TO WIN FROM 11 BALLS
"
"PAK (336-6 NEED 14 TO WIN FROM 11 BALLS
"
"PAK (336-6 NEED 14 TO WIN FROM 11 BALLS
"
"PAK (336-6 NEED 14 TO WIN FROM 11 BALLS
"
"PAK (336-6 NEED 14 TO WIN FROM 11 BALLS
"
"PAK (336-6 NEED 14 TO WIN FROM 11 BALLS
"
"PAK (336-6 NEED 14 TO WIN FROM 11 BALLS
"
"PAK V IND 2004

~- Bi.22

PAK (336-6 NEED 14 TO WIN FROM 11 BALLS
"
"PAK (336-6 NEED 14 TO WIN FROM 11 BALLS
"
"PAK (336-6 NEED 14 TO WIN FROM 11 BALLS
"
"PAK (336-6 NEED 14 TO WIN FROM 11 BALLS
"
"CLASS CRICKET,
4 -1st O}

PAK (336-6 NEED 14 TO WIN FROM 11 BALLS
"
""
""
"PAK V IND 2004

PAK (336-6 NEED 14 TO WIN FROM 11 BALLS
"
"MASTER CLASS CRICKET,
PAK V IND 2004 -1stODI

>.
e)

PAK (336-6 NEED 14 TO WIN FROM 11 BALLS

"
"MASTER CLASS CRICKET,
PAK V IND 2004 -1stODI

PAK (336-6 NEED 14 TO WIN FROM 11 BALLS
"
"PAK (336-6 NEED 14 TO WIN FROM 11 BALLS
"
"PAK V IND 200

PAK (336-6 NEED 14 TO WIN FROM 11 BALLS
"
"\
PAK (336-6 NEED 14 TO WIN FROM 11 BALLS
"
"MASTER CLASS CRICKET,
Si

PAK (336-6 NEED 14 TO WIN FROM 11 BALLS
"
"MASTER CLASS CRICKET,
Si

PAK (336-6 NEED 14 TO WIN FROM 11 BALLS
"
"MASTER CLASS CRICKET,
Si

PAK (336-6 NEED 14 TO WIN FROM 11 BALLS
"
"MASTER CLASS CRICKET,
Si

oe

PAK (336-6 NEED 14 TO WIN FROM 11 BALLS
"
"MASTER CLASS CRICKET,
Si

™ —

PAK (336-6 NEED 14 TO WIN FROM 11 BALLS
"
"=e MASTER CLASS CRICKET,
Si

PAK (336-6 NEED 14 TO WIN FROM 11 BALLS
"
"_—— MASTER CLASS CRICKET,
Si

-

PAK (336-6 NEED 14 TO WIN FROM 11 BALLS

"
"MASTER CLASS CRICKET,
Si

PAK (336-6 NEED 14 TO WIN FROM 11 BALLS
"
"MASTER CLASS CRICKET,
Si

PAK (336-6 NEED 14 TO WIN FROM 11 BALLS
"
"MASTER CLASS CRICKET,
Si

ae

PAK (336-6 NEED 14 TO WIN FROM 11 BALLS
"
"MASTER CLASS CRICKET,
Si

4 -
)
‘4
eR a 7

PAK (336-6 NEED 14 TO WIN FROM 11 BALLS
"
"MASTER CLASS CRICKET,
Si

A ~ £9
a) rs
¥
)
t

‘

PAK (336-6 NEED 14 TO WIN FROM 11 BALLS

- a
"
"MASTER CLASS CRICKET,
Si

a
a a

—_—

PAK (336-6 NEED 14 TO WIN FROM 11 BALLS
"
"MASTER CLASS CRICKET,
Si

X > ®
a) (
i

~ a

PAK (336-6 NEED 14 TO WIN FROM 11 BALLS
"
"MASTER CLASS CRICKET,
Si

X > ®
a) (
i

~ a

PAK (336-6 NEED 14 TO WIN FROM 11 BALLS
"
"MASTER CLASS CRICKET,
Si

a ®
W -
_) { j
hy
— art

PAK (336-6 NEED 14 TO WIN FROM 11 BALLS

"
"MASTER CLASS CRICKET,
Si

2

+ &

ne if
=

PAK (336-6 NEED 14 TO WIN FROM 11 BALLS
"
"MASTER CLASS CRICKET,
Si

PAK (336-6 NEED 14 TO WIN FROM 11 BALLS
"
"MASTER CLASS CRICKET,
Si

PAK (336-6 NEED 14 TO WIN FROM 11 BALLS
"
"MASTER CLASS CRICKET,
Si

PAK (336-6 NEED 14 TO WIN FROM 11 BALLS
"
"MASTER CLASS CRICKET,
Si

PAK (336-6 NEED 14 TO WIN FROM 11 BALLS
"
"MASTER CLASS CRICKET,
Si

PAK (336-6 NEED 14 TO WIN FROM 11 BALLS
"
"MASTER CLASS CRICKET,
Si

PAK (336-6 NEED 14 TO WIN FROM 11 BALLS
"
"MASTER CLASS CRICKET,
Si

PAK (336-6 NEED 14 TO WIN FROM 11 BALLS
"
"MASTER CLASS CRICKET,
Si

PAK (336-6 NEED 14 TO WIN FROM 11 BALLS
"
"MASTER CLASS CRICKET,
Si

PAK (336-6 NEED 14 TO WIN FROM 11 BALLS
"
"MASTER CLASS CRICKET,
Si

PAK (336-6 NEED 14 TO WIN FROM 11 BALLS
"
"MASTER CLASS CRICKET,
Si

PAK (336-6 NEED 14 TO WIN FROM 11 BALLS
"
"MASTER CLASS CRICKET,
: Si

PAK (336-6 NEED 14 TO WIN FROM 11 BALLS
"
"MASTER CLASS CRICKET,
‘ Si

PAK (336-6 NEED 14 TO WIN FROM 11 BALLS
"
"MASTER CLASS CRICKET,
boot Si

aT
PAK (336-6 NEED 14 TO WIN FROM 11 BALLS
"
"MASTER CLASS CRICKET,
‘ Si

tt
PAK (336-6 NEED 14 TO WIN FROM 11 BALLS

"
"MASTER CLASS CRICKET,
‘ Si

tt
PAK (336-6 NEED 14 TO WIN FROM 11 BALLS

"
"MASTER CLASS CRICKET,
f Si

a
PAK (336-6 NEED 14 TO WIN FROM 11 BALLS

"
"MASTER CLASS CRICKET,
! Si

PAK (336-6 NEED 14 TO WIN FROM 11 BALLS

"
"MASTER CLASS CRICKET,
sot Si

PAK (336-6 NEED 14 TO WIN FROM 11 BALLS
"
"MASTER CLASS CRICKET,
wer si

3 Ly
_ a i NG).
"
"MASTER CLASS CRICKET,
ibs Ss

— = av 4
- . {

PAK (336-6 NEED 14 TO WIN FROM 11 BALLS

"
"MASTER CLASS CRICKET,
Oe Si

a i EE

PAK (336-6 NEED 14 TO WIN FROM 11 BALLS

"
"MASTER CLASS CRICKET,
Oe Si

5 By
ff
, % ;
, , ‘ 1

PAK (336-6 NEED 14 TO WIN FROM 11 BALLS

"
"MASTER CLASS CRICKET,
De Si

PAK (336-6 NEED 14 TO WIN FROM 11 BALLS
"
"MASTER CLASS CRICKET,
4 Si

PAK (336-6 NEED 14 TO WIN FROM 11 BALLS
"
"MASTER CLASS CRICKET,
4 Si

af
PAK (336-6 NEED 14 TO WIN FROM 11 BALLS
"
"* G MASTER CLASS CRICKET,
Si

"
"ns G MASTER CLASS CRICKET,
4 Si

"
